Elementos,Tiempo
1000,0.000016
10000,0.000083
100000,0.000621
1000000,0.007198
10000000,0.041377
50000000,0.231221
